{
    "ALICE_HOME": [
        2.802584171295166,
        -2.1626435718932093,
        2.5096266905414026,
        -0.2955489915660401,
        -4.292219702397482,
        0.8100595474243164
    ],
    "BOB_HOME": [
        1.7893418073654175,
        -0.9541193407825013,
        -2.5408120155334473,
        -2.7753364048399867,
        -2.187267605458395,
        2.375917434692383
    ],
    "BOB_UPRIGHT": [
        0.0,
        -1.5709999799728394,
        0.0,
        -1.5709999799728394,
        0.0,
        0.0
    ],
    "ALICE_UPRIGHT": [
        0.0,
        -1.5709999799728394,
        0.0,
        -1.5709999799728394,
        0.0,
        0.0
    ],
    "ALICE_GRIP_READY": [
        2.6595206260681152,
        -0.5337305825999756,
        1.7382877508746546,
        -1.2007281345180054,
        -4.388608996068136,
        0.8099756240844727
    ],
    "BOB_GRIP_READY": [
        2.169093370437622,
        -2.4448090992369593,
        -1.766400933265686,
        -2.0541964970030726,
        -1.7273295561419886,
        2.375678062438965
    ],
    "ALICE_BI_START": [
        2.3041763305664062,
        -0.9839934867671509,
        2.1242249647723597,
        0.4406060415455322,
        -5.563268009816305,
        0.035406552255153656
    ],
    "BOB_BI_START": [
        2.253117561340332,
        -2.0880004368224085,
        -2.0183968544006348,
        -3.702728410760397,
        -0.7739275137530726,
        3.053149938583374
    ]
}